{
  "fold_accuracies": [
    0.9940495491027832,
    0.9937955737113953,
    0.9954646229743958,
    0.9951743483543396,
    0.9944486618041992
  ],
  "mean_accuracy": 0.9945865511894226,
  "std_accuracy": 0.000640241463982025
}